{
  "_fv": 66,
  "_type": "recipe",
  "definition": {
    "recipeType": "Campfire cooking",
    "recipeRetstackSize": 1,
    "group": "leather",
    "cookingBookCategory": "MISC",
    "xpReward": 1.0,
    "cookingTime": 200,
    "craftingBookCategory": "MISC",
    "recipeShapeless": false,
    "campfireCookingInputStack": {
      "value": "Items.ROTTEN_FLESH"
    },
    "campfireCookingReturnStack": {
      "value": "Items.LEATHER"
    },
    "name": "leather_recipe_2",
    "namespace": "mod"
  }
}